{
    "train_loss": [
        1.4092515409665507,
        0.7963374765678131,
        0.4127029175144824,
        0.2534202277391274,
        0.19910093893046843,
        0.15863179462556107,
        0.14813383213721604,
        0.11804344116144605,
        0.11264770003308965,
        0.11737696805014433
    ],
    "train_acc": [
        0.4785553047404063,
        0.8510158013544017,
        0.9085778781038374,
        0.9627539503386003,
        0.9672686230248306,
        0.974040632054176,
        0.9683972911963882,
        0.9853273137697516,
        0.9864559819413091,
        0.9717832957110608
    ],
    "val_loss": [
        1.0416941309834387,
        0.5027948172242792,
        0.2853091528286805,
        0.1780856569876542,
        0.13987150674199197,
        0.12224202166806471,
        0.11362010569454313,
        0.10277097709141336,
        0.0996779204757364,
        0.09961462645111857
    ],
    "val_acc": [
        0.7792792792792793,
        0.8873873873873874,
        0.9369369369369369,
        0.9594594594594594,
        0.963963963963964,
        0.9729729729729729,
        0.9729729729729729,
        0.9774774774774775,
        0.9774774774774775,
        0.9774774774774775
    ],
    "learning_rates": [
        4.8776412907378845e-06,
        4.522542485937369e-06,
        3.969463130731183e-06,
        3.272542485937369e-06,
        2.5e-06,
        1.7274575140626318e-06,
        1.0305368692688175e-06,
        4.774575140626317e-07,
        1.2235870926211617e-07,
        0.0
    ]
}