{
    "train_loss": [
        0.5232115217403595,
        0.2511916392380067,
        0.1682370768307067,
        0.10367499776035427,
        0.029791469676886787,
        0.00623719218444994,
        0.0331268852799647,
        0.023673066252379346,
        0.013774081182597868,
        0.004153537087634342
    ],
    "train_acc": [
        0.8137697516930021,
        0.9164785553047403,
        0.9424379232505643,
        0.9706546275395033,
        0.9898419864559819,
        0.9977426636568848,
        0.9898419864559819,
        0.9898419864559819,
        0.9966139954853273,
        0.9988713318284423
    ],
    "val_loss": [
        0.36066395749950464,
        0.10867239069508237,
        0.13118815881983842,
        0.19526983376468904,
        0.08831004604140158,
        0.03553920768940811,
        0.038904700746046204,
        0.12335258316978742,
        0.03995903697999369,
        0.038579500741049357
    ],
    "val_acc": [
        0.8828828828828829,
        0.963963963963964,
        0.9594594594594594,
        0.9369369369369369,
        0.9729729729729729,
        0.9819819819819819,
        0.9954954954954955,
        0.9594594594594594,
        0.9864864864864865,
        0.9864864864864865
    ],
    "learning_rates": [
        4.877641290737884e-05,
        4.522542485937368e-05,
        3.969463130731183e-05,
        3.2725424859373684e-05,
        2.4999999999999998e-05,
        1.7274575140626315e-05,
        1.0305368692688173e-05,
        4.774575140626316e-06,
        1.2235870926211614e-06,
        0.0
    ]
}